email,name,address,phone_number
virgina.radke.superkewlparent@example.com,Virgina Radke,"998 Chevis Rd, Savannah, GA 31419",+13930010398
dorothy.bryan@example.com,Dorothy Bryan,"613 Bloomingdale Rd, Bloomingdale, GA 31302",+19434752498
sandra.hollingsworth.1@example.com,Sandra Hollingsworth,"106 Terrell Mill Rd, Savannah, GA 31419",+18275506595
david.elkins.1@example.com,David Elkins,"1599 Chatham Pkwy, Garden City, GA 31408",+13506522806
douglas.galindo@example.com,Douglas Galindo,"2215 Grove Point Rd, Savannah, GA 31419",+19012052371
michael.fields@example.com,Michael Fields,"252 Harmony Blvd, Pooler, GA 31322",+14617557786
robert.kelly.1@example.com,Robert Kelly,"178 Little River Dr, Savannah, GA 31419",+11846238591
william.warren.99@example.com,William Warren,"299 Cockle Shell Rd, Savannah, GA 31419",+17392997890
george.goins.1@example.com,George Goins,"48 Olde Gate Ct, Pooler, GA 31322",+12857521350
thu.hill.420@example.com,Thu Hill,"307 Ogeechee Rd, Savannah, GA 31405",+11117375035
heather.garcia.1@example.com,Heather Garcia,"463 Bush Rd, Savannah, GA 31419",+19610822972
ron.crespo@example.com,Ron Crespo,"420 Bush Rd, Savannah, GA 31419",+19981090920
phillip.conway.1@example.com,Phillip Conway,"530 Woodley Rd, Savannah, GA 31419",+19096714867
alice.gary.420@example.com,Alice Gary,"5529 Export Blvd, Garden City, GA 31408",+14822501096
sarah.jones.420@example.com,Sarah Jones,"1401 Cedar Grove Plantation Dr, Savannah, GA 31419",+18758755275
carol.beatty.superkewlparent@example.com,Carol Beatty,"6 Lake Shore Ct, Savannah, GA 31419",+13036996597
annie.trammell.420@example.com,Annie Trammell,"198 Mallard Dr, Savannah, GA 31419",+15859723208
ellen.roy.1@example.com,Ellen Roy,"1524 Dean Forest Rd, Savannah, GA 31408",+13146836049
gary.william@example.com,Gary William,"4 Duckbill Chase, Savannah, GA 31419",+19086025180
danny.pugh@example.com,Danny Pugh,"61 Fiore Dr, Savannah, GA 31419",+18944143004
freddie.holman.420@example.com,Freddie Holman,"939 Chevis Rd, Savannah, GA 31419",+14467084210
wendy.coley.superkewlparent@example.com,Wendy Coley,"1004 Pine Meadow Dr, Pooler, GA 31322",+18131568403
raymond.davis.superkewlparent@example.com,Raymond Davis,"98 Southern Oaks Dr, Savannah, GA 31405",+18263069313
sherie.galbreath.1@example.com,Sherie Galbreath,"4526 Acl Blvd, Savannah, GA 31405",+18860876989
clyde.saunders@example.com,Clyde Saunders,"192 Waynesboro Rd, Savannah, GA 31419",+14736859009
cathy.mcannally.99@example.com,Cathy Mcannally,"2299 Grove Point Rd, Savannah, GA 31419",+12057502421
ella.zahri@example.com,Ella Zahri,"12599 Deerfield Rd, Savannah, GA 31419",+16400361990
justin.bennett@example.com,Justin Bennett,"110 Somersby Blvd, Pooler, GA 31322",+16128320163
tempie.long.1@example.com,Tempie Long,"799 White Bluff Ave, Savannah, GA 31419",+18255546820
terry.crook@example.com,Terry Crook,"121 Parsons Ave, Pooler, GA 31322",+16793907120
patricia.hagan@example.com,Patricia Hagan,"165 Distribution Dr, Pooler, GA 31322",+17839012915
michael.mcclain@example.com,Michael Mcclain,"65 B Butler Rd, Savannah, GA 31419",+16122384632
amy.liebl@example.com,Amy Liebl,"54 Sonny Perdue Dr, Garden City, GA 31408",+12361575418
rusty.singleton@example.com,Rusty Singleton,"573 Silk Hope Dr, Richmond Hill, GA 31324",+13646469167
fred.chugg@example.com,Fred Chugg,"98 Dalry Ln, Savannah, GA 31419",+15037024678
david.bennett@example.com,David Bennett,"15 Jamica Run Rd, Garden City, GA 31408",+18915360435
jack.jarvis.420@example.com,Jack Jarvis,"18 Julliard Ct, Savannah, GA 31419",+11525034288
clarice.taylor@example.com,Clarice Taylor,"400 Airways Ave, Savannah, GA 31408",+19549761603
dorothy.fillers.1@example.com,Dorothy Fillers,"226 Longleaf Cir, Pooler, GA 31322",+12942072003
katherine.son.1@example.com,Katherine Son,"29 Windsor on the Marsh, Savannah, GA 31419",+14458207195
gina.hopkins.1@example.com,Gina Hopkins,"1801 Little Neck Rd, Bloomingdale, GA 31302",+13889714349
sara.futch@example.com,Sara Futch,"414 Pine St, Bloomingdale, GA 31302",+17719067744
maria.hampton.99@example.com,Maria Hampton,"120 Keswick Ln, Savannah, GA 31419",+14665767812
david.ford.1@example.com,David Ford,"1699 Chatham Pkwy, Savannah, GA 31405",+11132413793
juan.isaacs.99@example.com,Juan Isaacs,"4410 Ogeechee Rd, Savannah, GA 31405",+14050953704
vanessa.nash@example.com,Vanessa Nash,"1843 N Lightning Rd, Savannah, GA 31406",+17656109141
albertine.nichols@example.com,Albertine Nichols,"14 Madison Ave, Pooler, GA 31322",+17931466432
sabrina.ellis@example.com,Sabrina Ellis,"118 Sanctuary Cross, Savannah, GA 31419",+13641802014
hiram.trible@example.com,Hiram Trible,"105 S H Morgan Pkwy, Bloomingdale, GA 31302",+13673124342
carmen.franca@example.com,Carmen Franca,"1291 Little Neck Rd, Savannah, GA 31419",+14531074048
bettye.ralston@example.com,Bettye Ralston,"136 Shore Rd, Savannah, GA 31419",+15644959669
shirley.horton@example.com,Shirley Horton,"136 Wallace Dr, Bloomingdale, GA 31302",+16393944885
patrick.worthington.superkewlparent@example.com,Patrick Worthington,"342 Little Lulu Ln, Richmond Hill, GA 31324",+11288075919
john.billings@example.com,John Billings,"56 Park of Commerce Blvd, Savannah, GA 31405",+13214881353
carolyn.anthony@example.com,Carolyn Anthony,"5240 Old Louisville Rd building 40, Pooler, GA 31322",+12224117169
michael.lindsey.superkewlparent@example.com,Michael Lindsey,"121 Red Gate Farms Trail, Savannah, GA 31405",+11215515510
rosa.darring.420@example.com,Rosa Darring,"98 Shetland Ct, Savannah, GA 31419",+16038219920
joe.johnston.superkewlparent@example.com,Joe Johnston,"200 Mosaic Cir, Pooler, GA 31322",+11339583827
henry.rose.1@example.com,Henry Rose,"914 Bloomingdale Rd, Bloomingdale, GA 31302",+18463599349
rosemarie.gray.1@example.com,Rosemarie Gray,"330 Cottonvale Rd, Savannah, GA 31405",+17072694747
janet.faustini@example.com,Janet Faustini,"122 Salt Creek Rd, Garden City, GA 31405",+17390744786
james.gray@example.com,James Gray,"269 McQueen Dr, Pooler, GA 31322",+18248091516
mark.cole@example.com,Mark Cole,"684 Fort Argyle Rd, Savannah, GA 31419",+15325415032
eleanor.strong.1@example.com,Eleanor Strong,"130 Al Henderson Blvd, Savannah, GA 31419",+12371809870
lisa.boles@example.com,Lisa Boles,"4 Kestrel Ct, Savannah, GA 31405",+18329392610
brian.johnson.99@example.com,Brian Johnson,"1824 Pine Barren Rd, Bloomingdale, GA 31302",+16552189124
james.smith@example.com,James Smith,"1449 Quacco Rd, Pooler, GA 31322",+15761697387
victor.carson.99@example.com,Victor Carson,"2 Honey Bee Rd, Savannah, GA 31419",+11224670731
melissa.benjamin@example.com,Melissa Benjamin,"309 Burnt Pine Ct, Bloomingdale, GA 31302",+14224399373
anthony.preister@example.com,Anthony Preister,"199 Grove Point Island Rd, Savannah, GA 31419",+11800876899
mike.latney.420@example.com,Mike Latney,"126 Gignilliat Cir, Savannah, GA 31408",+11892055305
linda.scott.420@example.com,Linda Scott,"1135 Dean Forest Rd, Savannah, GA 31405",+11443557568
mildred.henderson@example.com,Mildred Henderson,"36 Sandown Rd, Savannah, GA 31419",+13538134192
wesley.adams.1@example.com,Wesley Adams,"199 Oxford Rd, Savannah, GA 31419",+12570212832
mary.davis@example.com,Mary Davis,"1121 Walden Ln, Savannah, GA 31405",+12768822247
john.jeanbaptiste@example.com,John Jeanbaptiste,"489 Garden Acres Way, Pooler, GA 31322",+15701277399
john.smith@example.com,John Smith,"694 Pine Barren Rd, Pooler, GA 31322",+12310327622
josephine.calendine@example.com,Josephine Calendine,"116 Cockle Shell Rd, Savannah, GA 31419",+18497085410
julian.malone.99@example.com,Julian Malone,"139 Prosperity Dr, Garden City, GA 31408",+17330855082
donald.lewis.superkewlparent@example.com,Donald Lewis,"1106 Fort Argyle Rd, Savannah, GA 31419",+16880795186
thomas.barba@example.com,Thomas Barba,"5544 Garrard Ave, Savannah, GA 31405",+18022316180
norma.page.99@example.com,Norma Page,"502 Hinesville Rd, Savannah, GA 31419",+16259282009
gary.gattison.1@example.com,Gary Gattison,"229 Pine Barren Rd, Pooler, GA 31322",+12479145655
robbie.harriman@example.com,Robbie Harriman,"172 Carlisle Way, Savannah, GA 31419",+13969632758
robert.gonzalez@example.com,Robert Gonzalez,"157 Laurel Green Ct, Savannah, GA 31419",+12126014476
matthew.barnette.1@example.com,Matthew Barnette,"2 Arkwright Ln, Savannah, GA 31419",+17303359276
shawn.mccullar@example.com,Shawn Mccullar,"193 Lions Gate Rd, Savannah, GA 31419",+18324726163
todd.kidd@example.com,Todd Kidd,"100 Sonny Perdue Dr, Garden City, GA 31408",+11880442647
anna.lucas@example.com,Anna Lucas,"316 Lake Shore Dr, Savannah, GA 31419",+15525222001
sandy.dunlap.1@example.com,Sandy Dunlap,"13203 Largo Dr, Savannah, GA 31419",+18616380960
maria.waitman@example.com,Maria Waitman,"1304 Dean Forest Rd, Savannah, GA 31405",+13808390383
norman.dick@example.com,Norman Dick,"474 Little Neck Rd, Savannah, GA 31419",+11587941975
jennifer.lamy.superkewlparent@example.com,Jennifer Lamy,"120 Harvest Hl, Pooler, GA 31322",+16990242699
sara.reyes.420@example.com,Sara Reyes,"4 Fort Argyle Ln, Savannah, GA 31419",+16917029341
elizabeth.hillsman.99@example.com,Elizabeth Hillsman,"199 Blue Gill Ln, Pooler, GA 31322",+12631703151
matthew.spink.superkewlparent@example.com,Matthew Spink,"52 Sherborne Ln, Savannah, GA 31419",+18110251760
manda.romo@example.com,Manda Romo,"100 Ansford Dr, Garden City, GA 31408",+12391599643
cathryn.fortner.superkewlparent@example.com,Cathryn Fortner,"198 Winding Way, Savannah, GA 31419",+16138409344
william.delgado@example.com,William Delgado,"5998 Beverly St, Savannah, GA 31405",+14012256562
richard.spinney.420@example.com,Richard Spinney,"57 Glennmary Ln W, Richmond Hill, GA 31324",+16277559841
cristen.martinez@example.com,Cristen Martinez,"2 Wickham Rd, Glastonbury, CT 06033",+11452751525
kenneth.dugan@example.com,Kenneth Dugan,"54 Opal Dr, Glastonbury, CT 06033",+18540095004
barbara.williams@example.com,Barbara Williams,"2 Transit Ln, East Hartford, CT 06118",+13046725182
ralph.ashmore@example.com,Ralph Ashmore,"56 Abbott Rd, Ellington, CT 06029",+19607661449
betty.rodriguez.420@example.com,Betty Rodriguez,"23 Gordon Ln, East Hartford, CT 06118",+15359627019
julia.jordan.99@example.com,Julia Jordan,"198 Seymour St, Windsor, CT 06095",+17786450522
carrie.baker.99@example.com,Carrie Baker,"376 Main St, Manchester, CT 06040",+18930324613
summer.rodriguez.superkewlparent@example.com,Summer Rodriguez,"72 Line St, Glastonbury, CT 06033",+11032106423
irvin.arrington@example.com,Irvin Arrington,"19 Ryan Dr, Ellington, CT 06029",+17627962405
jeffrey.clark@example.com,Jeffrey Clark,"52 Maple Ave, Vernon, CT 06066",+18240804634
mary.swayne.420@example.com,Mary Swayne,"186 Main St, South Windsor, CT 06074",+12564230448
david.cunningham@example.com,David Cunningham,"647 Ellington Rd, South Windsor, CT 06074",+16068809079
michael.shumate@example.com,Michael Shumate,"33 Hockanum Blvd, Vernon, CT 06066",+19412459961
barry.griffith@example.com,Barry Griffith,"580 Birch Mountain Rd, Manchester, CT 06040",+12804231580
ida.hamilton@example.com,Ida Hamilton,"259 Pine St, Manchester, CT 06040",+12105817424
bobby.alessio@example.com,Bobby Alessio,"120 Winthrop Rd, Manchester, CT 06040",+11078870675
carl.jack@example.com,Carl Jack,"27 Brentmoor Rd, East Hartford, CT 06118",+17483613413
robert.ayala@example.com,Robert Ayala,"128 Highland St, Manchester, CT 06040",+15865459106
rita.speaks@example.com,Rita Speaks,"62 Barber Hill Rd, Broad Brook, CT 06016",+15311458996
david.kirtland@example.com,David Kirtland,"56 Wappingwood Rd, Ellington, CT 06029",+13877290354
mark.spear@example.com,Mark Spear,"346 Brookfield St, South Windsor, CT 06074",+18847487200
johanna.scott.superkewlparent@example.com,Johanna Scott,"59 Pinney St, Ellington, CT 06029",+12314585016
april.kaiser@example.com,April Kaiser,"70 Line St, Glastonbury, CT 06033",+16720153675
dana.ferri.99@example.com,Dana Ferri,"99 Norman Dr, Glastonbury, CT 06033",+17638418878
jerome.wall@example.com,Jerome Wall,"1 Wells St, Manchester, CT 06040",+18249625276
john.garcia.superkewlparent@example.com,John Garcia,"1907 Main St, East Hartford, CT 06108",+13025976869
charles.mcgehee.superkewlparent@example.com,Charles Mcgehee,"146 Penney Dr, East Hartford, CT 06118",+11456760856
sherry.mcgraw@example.com,Sherry Mcgraw,"128 Sunnybrook Dr, Manchester, CT 06040",+17179315167
lorrie.schwantes@example.com,Lorrie Schwantes,"592 Pleasant Valley Rd, South Windsor, CT 06074",+12664506900
esteban.pierce.superkewlparent@example.com,Esteban Pierce,"7 Tinker Pond Rd, Bolton, CT 06043",+17004593720
sam.pollock@example.com,Sam Pollock,"134 Brookfield St, Manchester, CT 06040",+13319591406
valeria.parker@example.com,Valeria Parker,"1 Lindman St, Manchester, CT 06040",+17418085073
clarence.patterson.420@example.com,Clarence Patterson,"476 Strong Rd, South Windsor, CT 06074",+18686836316
marjorie.smoot.1@example.com,Marjorie Smoot,"38 Winton Rd, East Windsor, CT 06088",+11716369597
gregory.applebaum.99@example.com,Gregory Applebaum,"100 Sunset Ridge Dr, East Hartford, CT 06118",+14169689232
sigrid.dedrick.superkewlparent@example.com,Sigrid Dedrick,"309 Merline Rd, Vernon, CT 06066",+16470256228
carl.stevenson@example.com,Carl Stevenson,"56 Schwier Rd, South Windsor, CT 06074",+18200879440
thomas.gardiner@example.com,Thomas Gardiner,"160 Porter St, Manchester, CT 06040",+12840026161
edward.vincent.1@example.com,Edward Vincent,"854 Parker St, Manchester, CT 06042",+15466004842
john.patel.1@example.com,John Patel,"47 Middle Rd, Ellington, CT 06029",+14547396546
donna.cagle.420@example.com,Donna Cagle,"39 Main St, South Windsor, CT 06074",+11254244408
mark.blodgett@example.com,Mark Blodgett,"100 Hampton Dr, Manchester, CT 06040",+17735541053
tanna.garber.1@example.com,Tanna Garber,"92 Wappingwood Rd, Ellington, CT 06029",+12093168809
mary.rodriques.420@example.com,Mary Rodriques,"28 Middle Rd, Ellington, CT 06029",+17215781850
michelle.gebauer@example.com,Michelle Gebauer,"994 Parker St, Manchester, CT 06042",+12098001536
jared.robertson@example.com,Jared Robertson,"38 Bette Cir, Vernon, CT 06066",+16945282269
colleen.caballero@example.com,Colleen Caballero,"240 Spencer St, Manchester, CT 06040",+18722350878
john.rice.1@example.com,John Rice,"16 Longview Dr, Manchester, CT 06040",+18080497680
scott.anderson@example.com,Scott Anderson,"1666 Ellington Rd, South Windsor, CT 06074",+11302594803
samuel.arnold.superkewlparent@example.com,Samuel Arnold,"294 Palisado Ave, Windsor, CT 06095",+12665854162
lillie.pizzo@example.com,Lillie Pizzo,"109 Frog Hollow Rd, Ellington, CT 06029",+15082154543
shelby.beck@example.com,Shelby Beck,"1 Winthrop Rd, Windsor, CT 06095",+18557016507
vicki.thompson.1@example.com,Vicki Thompson,"309 Scantic Rd, East Windsor, CT 06088",+16570731191
shirley.baker@example.com,Shirley Baker,"98 Melody Ln, East Hartford, CT 06118",+19808303570
helen.carlson@example.com,Helen Carlson,"207 Main St, South Windsor, CT 06074",+19326553969
anita.freeman@example.com,Anita Freeman,"50 Windsorville Rd, Vernon, CT 06066",+15625167147
william.tate.99@example.com,William Tate,"229 S Main St, East Windsor, CT 06088",+18584018558
ruby.ortiz.superkewlparent@example.com,Ruby Ortiz,"113 Shallowbrook Ln, Manchester, CT 06040",+15974774563
donald.cox@example.com,Donald Cox,"299 Bobby Ln, Manchester, CT 06040",+15293583469
jessica.cook.superkewlparent@example.com,Jessica Cook,"284 Oak Grove St, Manchester, CT 06040",+11726020578
mary.coggins.superkewlparent@example.com,Mary Coggins,"1079 Hebron Ave, Glastonbury, CT 06033",+15088340962
cedric.soukup.99@example.com,Cedric Soukup,"105 Carter St, Bolton, CT 06043",+12847635821
albert.vidal.420@example.com,Albert Vidal,"94 Pine St, Manchester, CT 06040",+19684532975
lora.bradley@example.com,Lora Bradley,"9 Sunrise Dr, Manchester, CT 06040",+12837224959
christine.scott.superkewlparent@example.com,Christine Scott,"457 Main St, South Windsor, CT 06074",+15125814307
flora.vanderkam.1@example.com,Flora Vanderkam,"57 Burgess Rd, South Windsor, CT 06074",+13653359150
sandra.moser.420@example.com,Sandra Moser,"328 Lake St, Vernon, CT 06066",+18401689972
phyllis.kloepper@example.com,Phyllis Kloepper,"142 Chamberlain Rd, Broad Brook, CT 06016",+15097591608
paul.fink@example.com,Paul Fink,"180 Tromley Rd, East Windsor, CT 06088",+19476505561
james.lee@example.com,James Lee,"32 House St, Glastonbury, CT 06033",+19692103334
curtis.melton@example.com,Curtis Melton,"8 Foster Rd, South Windsor, CT 06074",+13515585529
donald.williams.420@example.com,Donald Williams,"437 Foster St, South Windsor, CT 06074",+11433131610
gavin.alley@example.com,Gavin Alley,"1 Windy Hill Dr, South Windsor, CT 06074",+16896106776
stanley.webster.99@example.com,Stanley Webster,"252 Wetherell St, Manchester, CT 06040",+16726102154
mary.dasilva@example.com,Mary Dasilva,"550 Lydall St, Manchester, CT 06042",+19274673888
bonnie.underwood.1@example.com,Bonnie Underwood,"104 Phelps Rd, East Windsor, CT 06088",+17680157603
lanny.seeds.99@example.com,Lanny Seeds,"1462 Hebron Ave, Glastonbury, CT 06033",+16385719278
heather.padgett@example.com,Heather Padgett,"9 Fiano Rd, Bolton, CT 06043",+11781150230
douglas.graham@example.com,Douglas Graham,"170 Leverich Dr, East Hartford, CT 06108",+19305480401
elaine.billingsley.420@example.com,Elaine Billingsley,"9 Grady Rd, Vernon, CT 06066",+13954296398
lillian.brooks.1@example.com,Lillian Brooks,"98 Willow Stream Dr, Vernon, CT 06066",+19000058058
linda.sarro.420@example.com,Linda Sarro,"20 Lindbergh Dr, Hartford, CT 06114",+15938895002
john.dunnings.superkewlparent@example.com,John Dunnings,"181 Griffin Rd, South Windsor, CT 06074",+15836165442
bruce.arriaga.99@example.com,Bruce Arriaga,"160 Garden Grove Rd, Manchester, CT 06040",+19497488921
gail.wilson.1@example.com,Gail Wilson,"201 Farmstead Dr, South Windsor, CT 06074",+15240474739
charles.hernandez.420@example.com,Charles Hernandez,"42 Spring St, East Hartford, CT 06108",+19320716675
mabel.keeton.1@example.com,Mabel Keeton,"207 Batchelder Rd, Windsor, CT 06095",+12106904773
john.simmering.1@example.com,John Simmering,"2389 Main St, Glastonbury, CT 06033",+17349066727
gladys.haygood@example.com,Gladys Haygood,"2 Vibert Rd, South Windsor, CT 06074",+16760068977
george.palomo@example.com,George Palomo,"153 Summerset Dr, East Hartford, CT 06118",+17436631467
viola.larsen@example.com,Viola Larsen,"856 Sullivan Ave, South Windsor, CT 06074",+11600735667
charles.ball@example.com,Charles Ball,"1913 Main St, East Hartford, CT 06108",+12769004732
diana.hirsch.99@example.com,Diana Hirsch,"11 Shadycrest Dr, East Hartford, CT 06118",+17886676225
norma.trejo@example.com,Norma Trejo,"321 Burnside Ave, East Hartford, CT 06108",+14087421713
nancy.farris@example.com,Nancy Farris,"2233 Main St, Glastonbury, CT 06033",+12080122807
victor.parker.420@example.com,Victor Parker,"8 Nutmeg Dr, Ellington, CT 06029",+19641664037
isabelle.johnson.99@example.com,Isabelle Johnson,"752 Strong Rd, South Windsor, CT 06074",+14508725285
ashley.wolfe.1@example.com,Ashley Wolfe,"10 Glastonbury Pl, Glastonbury, CT 06033",+15573297054
mary.vance@example.com,Mary Vance,"1400 Sullivan Ave, South Windsor, CT 06074",+16788049782
olga.hendrix@example.com,Olga Hendrix,"4 Dimock Ln, Bolton, CT 06043",+11574890131
marlene.cotta.99@example.com,Marlene Cotta,"826 Callihan Dr, Springdale, AR 72762",+15036985170
roy.robinson.superkewlparent@example.com,Roy Robinson,"898 Co Rd 917, Springdale, AR 72762",+15650768833
cynthia.vernon@example.com,Cynthia Vernon,"3896 W Weir Rd, Fayetteville, AR 72704",+15601004267
tammy.osgood@example.com,Tammy Osgood,"15483 Riches Rd, Fayetteville, AR 72704",+11272173021
dorothy.russell@example.com,Dorothy Russell,"2899 N Sunny Ln, Fayetteville, AR 72703",+18888717958
douglas.wroblewski@example.com,Douglas Wroblewski,"16339 Little Rd, Fayetteville, AR 72704",+19837618317
betty.otey@example.com,Betty Otey,"3428 E Joyce Blvd, Fayetteville, AR 72703",+19957953293
christopher.bellinger.99@example.com,Christopher Bellinger,"491 E Fairway Ln, Fayetteville, AR 72701",+17918748656
nancy.williams@example.com,Nancy Williams,"10977 Sunrise Ln, Farmington, AR 72730",+17828493892
lewis.king@example.com,Lewis King,"3092 E Stone Mountain Dr, Fayetteville, AR 72701",+15409705307
angie.mercer@example.com,Angie Mercer,"14 Co Rd 27, Farmington, AR 72730",+17332162941
david.yau@example.com,David Yau,"150 E Davidson St, Fayetteville, AR 72701",+16250377486
alfonzo.johnson.420@example.com,Alfonzo Johnson,"718 Janet St, Springdale, AR 72762",+14049671668
dean.king@example.com,Dean King,"599 E Evergreen Ln, Fayetteville, AR 72703",+11174692715
ellen.brown@example.com,Ellen Brown,"5078 Delilah Ln, Fayetteville, AR 72704",+11850789070
susan.mcintyre@example.com,Susan Mcintyre,"13110 E Wallin Mountain Rd, Fayetteville, AR 72701",+13229810267
charles.bezio@example.com,Charles Bezio,"10219 Co Rd 258, Prairie Grove, AR 72753",+14096603665
titus.duffey@example.com,Titus Duffey,"22 S Stone Bridge Rd, Fayetteville, AR 72701",+17423814134
krystal.barber@example.com,Krystal Barber,"2934 Brandon Cir, Fayetteville, AR 72703",+12487060033
john.rosenthal@example.com,John Rosenthal,"299 Cross Ave, Fayetteville, AR 72701",+11880249767
desiree.ling.superkewlparent@example.com,Desiree Ling,"17899 Clear Water Rd, Springdale, AR 72762",+15696922980
susan.geis.superkewlparent@example.com,Susan Geis,"2498 Worthington Way, Fayetteville, AR 72703",+17811267330
larry.light.1@example.com,Larry Light,"101 N Crossover Rd, Fayetteville, AR 72701",+18540386366
ethel.stephenson@example.com,Ethel Stephenson,"3269 State Hwy 45, Fayetteville, AR 72703",+18902638663
angela.martin@example.com,Angela Martin,"901 Eastwood Dr, Fayetteville, AR 72701",+14276499222
judy.english@example.com,Judy English,"3902 Johnson Rd, Springdale, AR 72762",+16926748331
alberta.curry@example.com,Alberta Curry,"691 Klenc Rd, Springdale, AR 72762",+16013601216
patrick.briney@example.com,Patrick Briney,"6864 Dearing Rd, Springdale, AR 72762",+17593713955
kasha.hernandez.superkewlparent@example.com,Kasha Hernandez,"3998 Johnson Rd, Springdale, AR 72762",+13178172509
juan.lowery@example.com,Juan Lowery,"4903 S 48th St, Springdale, AR 72762",+13057217120
william.foy@example.com,William Foy,"6697 County Rd 84, Fayetteville, AR 72704",+17362541471
helen.storms.420@example.com,Helen Storms,"1596 E Steele Rd, Springdale, AR 72762",+17513624943
john.warren@example.com,John Warren,"2863 N Gregg Ave, Fayetteville, AR 72703",+17324147191
kenneth.sowell@example.com,Kenneth Sowell,"3842 Shorts Ln, Springdale, AR 72764",+13726153300
miguel.wright@example.com,Miguel Wright,"1801 Pine Valley Dr, Fayetteville, AR 72704",+14891197239
karen.woody@example.com,Karen Woody,"1809 E Rolling Hills Dr, Fayetteville, AR 72703",+12531805756
mabel.mcpherson@example.com,Mabel Mcpherson,"888 N Cato Springs Rd, Fayetteville, AR 72701",+12330318968
mary.rasco@example.com,Mary Rasco,"3494 S Eliza Ln, Farmington, AR 72730",+18668930427
shirley.padgett.superkewlparent@example.com,Shirley Padgett,"3093 Co Rd 265, Farmington, AR 72730",+19470280582
connie.neff.420@example.com,Connie Neff,"2076 N Chestnut Ave, Fayetteville, AR 72703",+15771067502
erlinda.matthews.99@example.com,Erlinda Matthews,"3227 W Henri De Tonti Blvd, Springdale, AR 72762",+18166513438
louise.vega@example.com,Louise Vega,"117 Wesley Stevens Rd, Farmington, AR 72730",+18143342811
marta.lopes@example.com,Marta Lopes,"1239 Valle Ln, Springdale, AR 72762",+17648925246
john.main.99@example.com,John Main,"811 E Huntsville Rd, Fayetteville, AR 72701",+11128036597
evelyn.shiba@example.com,Evelyn Shiba,"1619 W Sunrise Mountain Rd, Fayetteville, AR 72701",+18470650412
juan.nassar@example.com,Juan Nassar,"1671 Colonnade Dr, Fayetteville, AR 72701",+11479458753
frank.washington.420@example.com,Frank Washington,"1817 Co Rd 31, Springdale, AR 72762",+11133922803
nancy.beard@example.com,Nancy Beard,"14085 Wesley Stevens Rd, Farmington, AR 72730",+17415239354
dennis.chang@example.com,Dennis Chang,"710 E Douglas St, Prairie Grove, AR 72753",+14292583302
seth.morgan.1@example.com,Seth Morgan,"12388 Arbor Acres Ave, Springdale, AR 72762",+12230802716
charles.zanghi.420@example.com,Charles Zanghi,"435 W Willoughby Rd, Fayetteville, AR 72701",+14238279989
sabra.taylor@example.com,Sabra Taylor,"633 Arroyo St, Farmington, AR 72730",+12796826330
thomas.huggins@example.com,Thomas Huggins,"1398 State Hwy 45, Fayetteville, AR 72701",+16660301411
terra.thomas@example.com,Terra Thomas,"13377 Williams Rd, Farmington, AR 72730",+16928008247
gerald.smith.1@example.com,Gerald Smith,"12801 Triston Ln, Farmington, AR 72730",+17914105832
doris.buchanan@example.com,Doris Buchanan,"1710 Price Ave, Fayetteville, AR 72701",+15385481236
benjamin.demopoulos@example.com,Benjamin Demopoulos,"8688 W Astoria Ln, Fayetteville, AR 72704",+17007283877
melissa.brown@example.com,Melissa Brown,"12134 Co Rd 19, Farmington, AR 72730",+14180905228
donald.torres@example.com,Donald Torres,"5391 County Rd 84, Fayetteville, AR 72704",+17112750111
lisa.woody@example.com,Lisa Woody,"1125 E Zion Rd, Fayetteville, AR 72703",+13838095023
betty.romo@example.com,Betty Romo,"1181 E Heritage Pkwy, Prairie Grove, AR 72753",+19849805741
kelli.black@example.com,Kelli Black,"76 White St, Farmington, AR 72730",+15450674172
phyllis.newell.1@example.com,Phyllis Newell,"1102 Cheatham Ave, Springdale, AR 72764",+12125343070
anna.schlesser@example.com,Anna Schlesser,"12401 W Ervan Beeks Rd, Farmington, AR 72730",+14819566292
john.beckman@example.com,John Beckman,"4195 W Anthem Dr, Fayetteville, AR 72704",+15528374002
robert.johnson@example.com,Robert Johnson,"1560 E Tanager Ln, Fayetteville, AR 72701",+14857858452
karen.lawrence@example.com,Karen Lawrence,"13939 Cardinal Ln, Fayetteville, AR 72704",+12367017273
myrtle.russ@example.com,Myrtle Russ,"11776 Pepperidge Rd, Prairie Grove, AR 72753",+16954264323
heather.mitchell@example.com,Heather Mitchell,"3280 Wc 200, Fayetteville, AR 72701",+19426990249
carolyn.robbins@example.com,Carolyn Robbins,"11823 Little Elm Rd, Farmington, AR 72730",+11110481866
edward.may.99@example.com,Edward May,"101 N Shiloh Dr, Fayetteville, AR 72704",+17718474161
leona.walker@example.com,Leona Walker,"1684 Harmon Rd, Fayetteville, AR 72704",+16409080827
kimberly.barrows@example.com,Kimberly Barrows,"1325 N Heritage Ave, Fayetteville, AR 72704",+13257620812
benjamin.lee.99@example.com,Benjamin Lee,"1233 Arbor Acres Ave, Springdale, AR 72762",+14904254007
rose.sittloh@example.com,Rose Sittloh,"13798 Co Rd 602, Farmington, AR 72730",+15586080333
natasha.peterson.superkewlparent@example.com,Natasha Peterson,"2169 N Double Springs Rd, Fayetteville, AR 72704",+17300001631
ken.fortenberry@example.com,Ken Fortenberry,"875 S Pianalto Rd, Springdale, AR 72762",+11059942655
eugene.king@example.com,Eugene King,"2010 W Heck St, Fayetteville, AR 72703",+13735155314
jennifer.wallace@example.com,Jennifer Wallace,"1555 S Crews Ln, Fayetteville, AR 72701",+16343212025
james.peterson.1@example.com,James Peterson,"4697 W Finger Rd, Fayetteville, AR 72701",+12099019430
tara.duncan@example.com,Tara Duncan,"1000 E Township St, Fayetteville, AR 72703",+19611618751
margie.garcia@example.com,Margie Garcia,"3686 W Maclura Way, Fayetteville, AR 72704",+12173745911
matthew.williamson@example.com,Matthew Williamson,"2638 W Hwy 62, Farmington, AR 72730",+19145727411
william.daniels.1@example.com,William Daniels,"14331 White Oak Rd, Fayetteville, AR 72704",+12505781856
kelly.rubio@example.com,Kelly Rubio,"4073 N Winterberry Loop, Fayetteville, AR 72703",+18138081877
shawn.cavanaugh@example.com,Shawn Cavanaugh,"14091 Williams Rd, Farmington, AR 72730",+18024140762
pearl.beard@example.com,Pearl Beard,"3656 Dead Horse Mountain Rd, Fayetteville, AR 72701",+17378420786
eric.mote.superkewlparent@example.com,Eric Mote,"4604 W Persimmon St, Fayetteville, AR 72704",+17203305882
gail.mcrae.superkewlparent@example.com,Gail Mcrae,"2209 Wc Rd 2033, Springdale, AR 72762",+12472821574
manuel.ring.superkewlparent@example.com,Manuel Ring,"2002 Bluebird Dr, Springdale, AR 72764",+16682605734
melva.hooker@example.com,Melva Hooker,"4301 W Weir Rd, Fayetteville, AR 72704",+14446722901
john.carter@example.com,John Carter,"763 Co Rd 883, Springdale, AR 72762",+15628756073
ashley.duhamel@example.com,Ashley Duhamel,"4500 S School Ave, Fayetteville, AR 72701",+15212181524
andrea.franklin.1@example.com,Andrea Franklin,"16403 Little Rd, Fayetteville, AR 72704",+15413179739
brian.smith.99@example.com,Brian Smith,"13882 Goose Creek Rd, Fayetteville, AR 72704",+17065960734
tameka.joseph@example.com,Tameka Joseph,"1364 E Sequoyah Ct, Fayetteville, AR 72701",+17715106085
thomas.krupka.99@example.com,Thomas Krupka,"131 NW Campbell Loop, Fayetteville, AR 72701",+17745597382
jonathon.ingwersen@example.com,Jonathon Ingwersen,"4001 S Turner St, Springdale, AR 72764",+12832227519
grace.nixon.420@example.com,Grace Nixon,"13799 Amber Ln, Farmington, AR 72730",+11228230838
marguerite.juran.1@example.com,Marguerite Juran,"3209 Wildcat Creek Blvd, Fayetteville, AR 72704",+11834798178
shelton.moody@example.com,Shelton Moody,"8177 N Lamar St, Arvada, CO 80003",+18772272381
tonya.spencer@example.com,Tonya Spencer,"10977 Jay St, Westminster, CO 80020",+12560385055
floyd.manzione@example.com,Floyd Manzione,"2988 Isabell Ct, Golden, CO 80401",+11958600673
dorothy.munos@example.com,Dorothy Munos,"350 Interlocken Pkwy, Broomfield, CO 80021",+11364283855
john.goodrum.superkewlparent@example.com,John Goodrum,"14279 W 44th Dr, Golden, CO 80403",+16183707110
gloria.thomason@example.com,Gloria Thomason,"9650 W City Center Dr, Westminster, CO 80031",+16976782060
derrick.jutras.420@example.com,Derrick Jutras,"5501 Grove St, Denver, CO 80221",+19407882725
christie.smock@example.com,Christie Smock,"3648 Benton St, Wheat Ridge, CO 80212",+11154123952
carol.artrip.420@example.com,Carol Artrip,"14287 Co Rd 128, Broomfield, CO 80021",+18107987720
angela.hernandez@example.com,Angela Hernandez,"5520 W 118th Pl, Westminster, CO 80020",+11724078494
sandy.bell.99@example.com,Sandy Bell,"10444 Indiana St, Westminster, CO 80005",+18722575697
gustavo.malone.superkewlparent@example.com,Gustavo Malone,"3698 Quay St, Wheat Ridge, CO 80033",+18599609782
hugh.richards@example.com,Hugh Richards,"8339 Turnpike Dr, Westminster, CO 80031",+15870864171
travis.thomas@example.com,Travis Thomas,"925 Maddox Ct, Broomfield, CO 80023",+15249522294
nina.harlan@example.com,Nina Harlan,"4855 Miller St, Wheat Ridge, CO 80033",+11724725349
marsha.alnutt@example.com,Marsha Alnutt,"5704 Yank St, Arvada, CO 80002",+19866207756
jason.morgan.420@example.com,Jason Morgan,"2598 Gilpin St, Denver, CO 80205",+11582667934
lyle.lewis@example.com,Lyle Lewis,"13670 Grant St, Thornton, CO 80023",+18057139804
barbara.reynolds.420@example.com,Barbara Reynolds,"7399 W 48th Ave, Wheat Ridge, CO 80033",+18351516951
martha.dyer@example.com,Martha Dyer,"360 Interlocken Blvd, Broomfield, CO 80021",+12492447851
jeane.frantz.99@example.com,Jeane Frantz,"8801 W 102nd Ave, Westminster, CO 80021",+11456524964
lydia.calhoun.99@example.com,Lydia Calhoun,"4441 Indiana St, Golden, CO 80403",+16239857982
brian.harding@example.com,Brian Harding,"8919 Devinney Ct, Arvada, CO 80005",+19362301580
bernice.shipman.99@example.com,Bernice Shipman,"9249 Bryant Dr, Federal Heights, CO 80260",+18573457702
elizabeth.beisch@example.com,Elizabeth Beisch,"10501 Paley St, Northglenn, CO 80234",+13470039255
douglas.ramirez.420@example.com,Douglas Ramirez,"3498 Dudley St, Wheat Ridge, CO 80033",+14788366766
michael.lovaglio.1@example.com,Michael Lovaglio,"5987 Wadsworth Bypass, Arvada, CO 80003",+17242556060
lucie.zmolek@example.com,Lucie Zmolek,"555 W 112th Ave, Northglenn, CO 80234",+19532183380
andrew.beck.99@example.com,Andrew Beck,"5422 Aspen Creek Dr, Broomfield, CO 80020",+13456718076
stacy.jungling.superkewlparent@example.com,Stacy Jungling,"11899 W 112th Ave, Broomfield, CO 80021",+17299584624
elijah.barksdale@example.com,Elijah Barksdale,"12771 Meadowlark Ln, Broomfield, CO 80021",+11207299089
traci.hartsfield.420@example.com,Traci Hartsfield,"12645 Huron St, Westminster, CO 80234",+16563843833
victor.crowe.1@example.com,Victor Crowe,"7316 W 90th Ave, Westminster, CO 80021",+12359687609
tina.trevino@example.com,Tina Trevino,"6801 Kipling St, Arvada, CO 80004",+13546294514
pamela.desilva@example.com,Pamela Desilva,"15131 W 32nd Pl, Golden, CO 80401",+19388599318
jacqueline.evans.superkewlparent@example.com,Jacqueline Evans,"4350 W 46th Ave, Denver, CO 80212",+11365083715
dorothy.newell@example.com,Dorothy Newell,"8149 Cody Ct, Arvada, CO 80005",+15324789148
don.mankin.420@example.com,Don Mankin,"4339 Jellison St, Wheat Ridge, CO 80033",+14302206043
daryl.brown@example.com,Daryl Brown,"7469 Wadsworth Blvd, Arvada, CO 80003",+17390773696
moshe.gray.superkewlparent@example.com,Moshe Gray,"3865 Field St, Wheat Ridge, CO 80033",+14995458803
herbert.burke@example.com,Herbert Burke,"1200 E 58th Ave, Denver, CO 80216",+18956709366
raeann.young.420@example.com,Raeann Young,"11389 Main St, Broomfield, CO 80020",+17424593491
joshua.hill.99@example.com,Joshua Hill,"1175 E 130th Ave, Thornton, CO 80241",+16774282119
reed.hamilton@example.com,Reed Hamilton,"4950 Allison St, Arvada, CO 80002",+15789486544
stevie.martinez@example.com,Stevie Martinez,"1301 Holly Dr E, Broomfield, CO 80020",+17129742892
wilma.osher@example.com,Wilma Osher,"2201 Sheridan Boulevard, Denver, CO 80214",+19746005854
richard.gilstrap@example.com,Richard Gilstrap,"6281 Everett Ct, Arvada, CO 80004",+11054896643
tiffany.kwan.420@example.com,Tiffany Kwan,"3100 W 47th Ave, Denver, CO 80211",+14438072751
joan.york.superkewlparent@example.com,Joan York,"6992 Alan Dr, Denver, CO 80221",+17563110918
abraham.tull.superkewlparent@example.com,Abraham Tull,"2771 Ridge Dr, Broomfield, CO 80020",+13868715107
alberta.grayson@example.com,Alberta Grayson,"6043 Huron St, Denver, CO 80221",+12897129453
eric.davis.99@example.com,Eric Davis,"800 Eldorado Blvd, Broomfield, CO 80021",+15564787519
morris.crews.superkewlparent@example.com,Morris Crews,"9445 Alkire St, Arvada, CO 80005",+12258611350
bennie.ocasio@example.com,Bennie Ocasio,"11996 Ridge Pkwy, Broomfield, CO 80021",+12804487295
john.wahlert@example.com,John Wahlert,"12205 Perry St, Broomfield, CO 80020",+13191717764
lucas.mustard.420@example.com,Lucas Mustard,"960 W 112th Ave UNIT 1703, Northglenn, CO 80234",+12222497704
shannon.nesbitt@example.com,Shannon Nesbitt,"10323 Wadsworth Pkwy, Westminster, CO 80021",+18407115366
jerome.pruett@example.com,Jerome Pruett,"11399 W 75th Pl, Arvada, CO 80005",+11136381727
ronald.cato@example.com,Ronald Cato,"79 W 56th Ave, Denver, CO 80216",+17544792236
george.sims@example.com,George Sims,"11600 Ridge Pkwy, Broomfield, CO 80021",+19827447508
margaret.cummings@example.com,Margaret Cummings,"14180 W 86th Pl, Arvada, CO 80005",+15493590915
robert.provost.1@example.com,Robert Provost,"9017 Federal Blvd, Denver, CO 80260",+15562548324
jennifer.guida@example.com,Jennifer Guida,"8086 W 52nd Ave, Arvada, CO 80002",+17216052079
nancy.delacruz.420@example.com,Nancy Delacruz,"4580 W 120th Ave, Broomfield, CO 80020",+18639908805
leslie.harrison.420@example.com,Leslie Harrison,"2032 E 138th Ave, Brighton, CO 80602",+16159481712
ivan.bethea@example.com,Ivan Bethea,"12091 N Pecos St, Westminster, CO 80234",+15872075104
mary.conley.99@example.com,Mary Conley,"4754 Shoshone St, Denver, CO 80211",+15413233155
richard.black.1@example.com,Richard Black,"9111 Benton St, Westminster, CO 80031",+19586024895
lee.murphy.420@example.com,Lee Murphy,"7499 W 75th Ave, Arvada, CO 80003",+15703764621
jennifer.farrell.1@example.com,Jennifer Farrell,"9861 Pennsylvania Dr, Thornton, CO 80229",+15820514453
wayne.hammond.99@example.com,Wayne Hammond,"8701 Irving St, Westminster, CO 80031",+12965359072
donald.mclaren.superkewlparent@example.com,Donald Mclaren,"10801 Legacy Ridge Pkwy, Westminster, CO 80031",+12035716252
arlyne.blake.99@example.com,Arlyne Blake,"6070 Everett St, Arvada, CO 80004",+18250625005
anthony.wenning@example.com,Anthony Wenning,"4862 W Interstate 70 Frontage Rd N, Wheat Ridge, CO 80033",+12112377086
kristopher.guglielmo.420@example.com,Kristopher Guglielmo,"5827 29th St, Wheat Ridge, CO 80214",+16173461615
lou.westlund.420@example.com,Lou Westlund,"1899 W 33rd Ave, Denver, CO 80211",+11896807870
richard.baker.1@example.com,Richard Baker,"2077 Ridge Dr, Broomfield, CO 80020",+12554611820
maria.chambers.1@example.com,Maria Chambers,"4199 W 85th Ave, Westminster, CO 80031",+16213027062
eddie.teeters.420@example.com,Eddie Teeters,"649 Cragmore St, Denver, CO 80221",+12331400893
jaime.donahue@example.com,Jaime Donahue,"11572 Community Center Dr, Northglenn, CO 80233",+11467933921
amanda.renk.1@example.com,Amanda Renk,"698 Oxford Way, Superior, CO 80027",+18433646803
louis.gross@example.com,Louis Gross,"1870 W 122nd Ave Suite 300, Westminster, CO 80234",+12682166866
brent.janusz.superkewlparent@example.com,Brent Janusz,"11079 Cotton Creek Dr, Westminster, CO 80031",+19561919510
daniel.tignor@example.com,Daniel Tignor,"4400 W 44th Ave, Denver, CO 80212",+15023755232
marcia.martinez.420@example.com,Marcia Martinez,"11447 Broomfield Ln, Broomfield, CO 80021",+15346948275
stacy.maynard.420@example.com,Stacy Maynard,"11682 W 72nd Ave, Arvada, CO 80005",+15308821138
ruth.gordon.420@example.com,Ruth Gordon,"3752 W 105th Dr, Westminster, CO 80031",+14280197754
clifford.kennedy.420@example.com,Clifford Kennedy,"2800 Calkins Pl, Broomfield, CO 80020",+19518341968
ernesto.cash@example.com,Ernesto Cash,"1398 Nissen Pl, Broomfield, CO 80020",+17589359743
gladys.brewer@example.com,Gladys Brewer,"2932 W Yarrow Dr, Superior, CO 80027",+18541838274
william.cole@example.com,William Cole,"11700 Carmel Dr, Lakewood, CO 80215",+14308028041
kimberly.trexler@example.com,Kimberly Trexler,"10200 Co Rd 181, Wheat Ridge, CO 80033",+19373063867
ross.cutler.420@example.com,Ross Cutler,"8251 Otis Ct, Arvada, CO 80003",+18679923496
francis.brown.99@example.com,Francis Brown,"4792 W 112th Ave, Westminster, CO 80031",+13858422703
ronald.copes.1@example.com,Ronald Copes,"6928 Broadway, Denver, CO 80221",+13769504955
ashley.puente@example.com,Ashley Puente,"4201 Vivian St, Wheat Ridge, CO 80033",+19249379110
saundra.christian.1@example.com,Saundra Christian,"29 N Elm Ct, Federal Heights, CO 80260",+16576254497
tammy.church.superkewlparent@example.com,Tammy Church,"2276 Maple St, Thornton, CO 80260",+17992650288
lawerence.warren@example.com,Lawerence Warren,"4790 W Byron Pl, Denver, CO 80212",+12214403540
philip.bell@example.com,Philip Bell,"11936 Peakview Ln, Broomfield, CO 80021",+15167369183
louise.trinklein@example.com,Louise Trinklein,"3199 River Dr, Thunderbolt, GA 31404",+14577699014
jeremy.seiter.1@example.com,Jeremy Seiter,"1 Fort Jackson Rd, Savannah, GA 31404",+18919741142
donald.coleman.1@example.com,Donald Coleman,"235 Hutchinson Island Rd, Savannah, GA 31421",+19164359359
valerie.baskin@example.com,Valerie Baskin,"235 Hutchinson Island Rd, Savannah, GA 31401",+18010255840
james.crogan.superkewlparent@example.com,James Crogan,"52 Mulberry Bluff Dr, Savannah, GA 31406",+19203165560
grace.melendez.420@example.com,Grace Melendez,"7212 Garfield St, Savannah, GA 31406",+18984777950
toni.lee@example.com,Toni Lee,"894 Wilmington Island Rd, Wilmington Island, GA 31410",+14046371790
maurice.park@example.com,Maurice Park,"2641 Speedway Blvd, Hardeeville, SC 29927",+17922470160
teresa.ricciardi@example.com,Teresa Ricciardi,"7977 White Bluff Rd, Savannah, GA 31406",+11678450253
mildred.brandon@example.com,Mildred Brandon,"28 Silverstone Cir, Savannah, GA 31406",+15430493002
lakita.finley.1@example.com,Lakita Finley,"147 Cardinal St, Savannah, GA 31406",+15812565214
johnathan.keele.1@example.com,Johnathan Keele,"8871 Harmon Bluff Rd, Savannah, GA 31406",+11423112761
donald.smith@example.com,Donald Smith,"101 Winterberry Dr, Savannah, GA 31406",+17573389294
jesus.morrison.420@example.com,Jesus Morrison,"3998 3rd St, Garden City, GA 31408",+12152692081
steven.kallevig@example.com,Steven Kallevig,"1346 Alfred St, Garden City, GA 31408",+12133666290
lorraine.smith@example.com,Lorraine Smith,"4110 Ogeechee Rd, Savannah, GA 31405",+18214896631
jaime.busby@example.com,Jaime Busby,"422 Woodcliff Dr, Savannah, GA 31406",+11602260118
kenneth.craig@example.com,Kenneth Craig,"330 Oxford Dr, Savannah, GA 31405",+18543429416
audrey.webb@example.com,Audrey Webb,"601 Brewer St, Savannah, GA 31401",+19387421721
ricky.carlson.420@example.com,Ricky Carlson,"2602 Causton Bluff Rd, Savannah, GA 31404",+14150282117
joseph.belinsky.1@example.com,Joseph Belinsky,"6 Commerce Pl, Savannah, GA 31406",+15221478484
maria.dodd@example.com,Maria Dodd,"19 Peachtree Dr, Savannah, GA 31419",+19646706804
daniel.hoover@example.com,Daniel Hoover,"17 Main St, Garden City, GA 31408",+13791196787
brandon.prine@example.com,Brandon Prine,"2638 Norwood Ave, Savannah, GA 31406",+11053906748
lawrence.lucas@example.com,Lawrence Lucas,"3318 Falligant Ave, Thunderbolt, GA 31404",+13455981252
kendall.ivey@example.com,Kendall Ivey,"1101 Wilmington Island Rd, Wilmington Island, GA 31410",+13268494817
ada.creed.99@example.com,Ada Creed,"315 Chatham Villa Dr, Garden City, GA 31408",+17076114558
regina.jordan@example.com,Regina Jordan,"80 East St, Savannah, GA 31410",+18072222435
ryan.sollenberger@example.com,Ryan Sollenberger,"1223 Beckman Ave, Savannah, GA 31406",+15624304213
bruce.moreschi@example.com,Bruce Moreschi,"200 Clifton Dr, Savannah, GA 31407",+12622791597
brett.palencia.superkewlparent@example.com,Brett Palencia,"5499 Skidaway Rd, Savannah, GA 31406",+17617887960
robert.ray@example.com,Robert Ray,"4033 Bellinger Hill Rd, Hardeeville, SC 29927",+15094846733
judi.smith.420@example.com,Judi Smith,"19 Knollwood Cir, Savannah, GA 31419",+16088726394
jeanne.white@example.com,Jeanne White,"98 Topsail Ct, Savannah, GA 31411",+16800794441
edith.lazo@example.com,Edith Lazo,"1231 Shannon Ave, Savannah, GA 31406",+14507333312
charlotte.kirby.420@example.com,Charlotte Kirby,"2 Seneca Rd, Savannah, GA 31406",+15010794266
arturo.mcswain@example.com,Arturo Mcswain,"3 O S C A Rd, Savannah, GA 31411",+16820251904
judith.paoli.99@example.com,Judith Paoli,"190 Red Gate Farms Trail, Savannah, GA 31405",+18462582446
florence.laplant@example.com,Florence Laplant,"4320 Perimeter Rd, Savannah, GA 31409",+15961909074
melissa.jedele@example.com,Melissa Jedele,"2099 Alaska St, Savannah, GA 31404",+14093250193
john.hodges@example.com,John Hodges,"1196 W Gwinnett St, Savannah, GA 31415",+18933684575
john.nightingale@example.com,John Nightingale,"1767 Wilmington Island Rd, Wilmington Island, GA 31410",+14077897615
roy.mertz@example.com,Roy Mertz,"1951 Medford Ave, Savannah, GA 31405",+15683424222
robin.farry@example.com,Robin Farry,"2199 Atlantic Ave, Savannah, GA 31401",+15611188076
pete.williams@example.com,Pete Williams,"2514 Abercorn Street, Savannah, GA 31401",+15870896918
john.owens@example.com,John Owens,"3454 Speedway Blvd, Hardeeville, SC 29927",+15267547040
david.tyler.1@example.com,David Tyler,"1 Grange Rd, Savannah, GA 31407",+18092519769
ann.baldwin@example.com,Ann Baldwin,"800 Talmadge Ave, Garden City, GA 31408",+15919047845
rhonda.martindale@example.com,Rhonda Martindale,"2398 E 41st St, Savannah, GA 31404",+18024768636
arthur.collier@example.com,Arthur Collier,"316 Mitchell Blvd, Savannah, GA 31409",+16439272490
john.capaldi.99@example.com,John Capaldi,"512 Perimeter Rd, Savannah, GA 31405",+11297958656
lynn.lafferty@example.com,Lynn Lafferty,"25 Liberty Creek Dr, Savannah, GA 31406",+14226549366
marguerite.strayer.1@example.com,Marguerite Strayer,"3999 Habersham St, Savannah, GA 31405",+18016243922
frank.ennis@example.com,Frank Ennis,"12221 Roger Warlick Dr, Savannah, GA 31419",+11090782610
gary.mcguire@example.com,Gary Mcguire,"2597 Perimeter Rd, Savannah, GA 31409",+19820129010
stephen.cummings@example.com,Stephen Cummings,"7499 Harrock Hall Dr, Savannah, GA 31406",+11856664333
joseph.conn@example.com,Joseph Conn,"4800 Garrard Ave, Savannah, GA 31405",+12447435582
esther.doe.99@example.com,Esther Doe,"1400 Blakeley Rd, Savannah, GA 31406",+11655512565
john.vue.superkewlparent@example.com,John Vue,"711 Barley Dr, Savannah, GA 31410",+16377291416
ronald.puhl@example.com,Ronald Puhl,"1528 Forsyth Rd, Savannah, GA 31406",+15061016263
colleen.plemmons@example.com,Colleen Plemmons,"2 Amelia Ct, Savannah, GA 31405",+11977101225
charles.herlocker@example.com,Charles Herlocker,"2500 New York Ave, Savannah, GA 31404",+11565637547
judy.blau@example.com,Judy Blau,"4700 Dancy St, Savannah, GA 31405",+18093528938
lucille.guth@example.com,Lucille Guth,"798 View Point Dr, Savannah, GA 31406",+16814100837
kathy.schloss.99@example.com,Kathy Schloss,"1498 Wilmington Island Rd, Wilmington Island, GA 31410",+14897016660
roberto.kramer.420@example.com,Roberto Kramer,"115 Riverview Rd, Savannah, GA 31410",+19136877566
richard.goldade.superkewlparent@example.com,Richard Goldade,"1906 Varnedoe Dr, Savannah, GA 31406",+17738557860
andy.jenkins.420@example.com,Andy Jenkins,"98 Anchor Ct, Savannah, GA 31410",+12149975053
carmen.patel.99@example.com,Carmen Patel,"1388 Speedway Blvd, Hardeeville, SC 29927",+16665722368
mark.alverez.1@example.com,Mark Alverez,"298 Bordeaux Ln, Savannah, GA 31419",+16654762749
joan.kempf.1@example.com,Joan Kempf,"1 Lane Ave, Savannah, GA 31405",+18401428574
jason.concepcion@example.com,Jason Concepcion,"8491 Waters Ave, Savannah, GA 31406",+11297169912
berta.williams@example.com,Berta Williams,"107 E Lathrop Ave, Savannah, GA 31415",+17107523107
john.vu@example.com,John Vu,"6089 Acl Blvd, Savannah, GA 31405",+14514716611
verdie.gay@example.com,Verdie Gay,"197 Carl Griffin Dr, Savannah, GA 31405",+14981809562
deborah.keith@example.com,Deborah Keith,"12500 Apache Ave, Savannah, GA 31419",+12200142212
mitchell.rivas@example.com,Mitchell Rivas,"399 E 46th St, Savannah, GA 31405",+11539812161
james.bastian@example.com,James Bastian,"4037 Kessler Ave, Garden City, GA 31408",+19578343647
colleen.harris@example.com,Colleen Harris,"1530 E 51st St, Savannah, GA 31404",+18871471106
mui.stout.420@example.com,Mui Stout,"3650 Speedway Blvd, Hardeeville, SC 29927",+18823652475
randy.sanchez.superkewlparent@example.com,Randy Sanchez,"2375 Tremont Rd, Savannah, GA 31405",+18980009663
cynthia.schmid.420@example.com,Cynthia Schmid,"4165 Colt Rd, Savannah, GA 31405",+13185134548
kimberly.white@example.com,Kimberly White,"99 Spring Marsh Cir, Savannah, GA 31411",+12325397563
amanda.holman@example.com,Amanda Holman,"3690 Bellinger Hill Rd, Hardeeville, SC 29927",+17121143757
georgette.demmons@example.com,Georgette Demmons,"1 Stephenson Ave, Savannah, GA 31405",+16919553406
tiffany.cantwell.superkewlparent@example.com,Tiffany Cantwell,"1409 N Lightning Rd, Savannah, GA 31406",+14856331179
guadalupe.hurst@example.com,Guadalupe Hurst,"445 Buckhalter Rd, Savannah, GA 31405",+16689424664
cecilia.davis@example.com,Cecilia Davis,"293 Flonnel Ave, Port Wentworth, GA 31407",+15632403636
edward.weber@example.com,Edward Weber,"2101 Louis Mills Blvd, Savannah, GA 31405",+11062001614
riley.elrod.superkewlparent@example.com,Riley Elrod,"646 Bourne Ave, Garden City, GA 31408",+13170657305
michael.webb@example.com,Michael Webb,"4131 Ogeechee Rd Suite 127, Savannah, GA 31405",+11318474086
willie.romero@example.com,Willie Romero,"1010 Ashley Rd, Savannah, GA 31410",+14644933903
chad.hansen@example.com,Chad Hansen,"98 Briarwood Dr, Garden City, GA 31408",+12795475114
velda.raborn.420@example.com,Velda Raborn,"70 Brampton Rd, Garden City, GA 31408",+11512426380
samuel.mumaw.99@example.com,Samuel Mumaw,"96 Lands End Cir, Savannah, GA 31406",+12615428106
wilfred.valentin.superkewlparent@example.com,Wilfred Valentin,"1287 Beckman Ave, Savannah, GA 31406",+19389794040
stanley.maze.99@example.com,Stanley Maze,"200 D Ct, Savannah, GA 31404",+16717631612
christina.bradly.420@example.com,Christina Bradly,"80 W, Garden City, GA 31408",+19285567826
angela.graves.superkewlparent@example.com,Angela Graves,"114 John Eady Ct, Savannah, GA 31405",+15323175072
james.baker@example.com,James Baker,"197 Gulfstream Rd, Savannah, GA 31408",+11899257544
atom.bomb@example.com,Adam Baum,"906 W Trinity Ave, Durham, NC 27701",+12089080011
anagram@example.com,Anna Graham,"916 W Trinity Ave, Durham, NC 27701",+13797059409
an.offender@example.com,Anna Fender,"1009 W Trinity Ave, Durham, NC 27701",+15198488375
donkey@example.com,Donald Key,"1026 W Trinity Ave, Durham, NC 27701",+12532665636
early.riser@example.com,Earl Lee-Riser,"601 Watts St, Durham, NC 27701",+17142262860
broccoli@example.com,Brock Lee,"1028 Monmouth Ave, Durham, NC 27703",+16692490552
caravan@example.com,Cara Van,"1025 14 Alley, Durham, NC 27701",+11018644718
karaoke@example.com,Carrie Oakey,"1022 Monmouth Ave, Durham, NC 27701",+11507386592
coriander@example.com,Corey Ander,"1013 Dacian Ave, Durham, NC 27701",+13588035640
choreograph@example.com,Corey O'Graff,"1013 Monmouth Ave, Durham, NC 27701",+15979644868
holiday@example.com,Holly Day,"902 Vickers Ave, Durham, NC 27701",+13038295751
